Hero Name 1,Hero Name 2,Similarity (%),Sources for Hero 1,Sources for Hero 2
AGAMEMNON II/ANDREI,AGAMEMNON II/ANDREI ,95.0,"edges.csv, nodes.csv",heronetwork.csv
ANDROMEDA/ANDROMEDA,ANDROMEDA/ANDROMEDA ,95.0,"edges.csv, nodes.csv",heronetwork.csv
"ANGELOPOULOS, ANGEL","ANGELOPOULOS, ANGEL ",95.0,"edges.csv, nodes.csv",heronetwork.csv
APE MAN/GORDON MONK,APE MAN/GORDON MONK ,95.0,"edges.csv, nodes.csv",heronetwork.csv
APOCALYPSE/EN SABAH,APOCALYPSE/EN SABAH ,95.0,"edges.csv, nodes.csv",heronetwork.csv
APOCALYPSE | MUTANT,APOCALYPSE | MUTANT ,95.0,"edges.csv, nodes.csv",heronetwork.csv
"ARMBRUSTER, COLONEL","ARMBRUSTER, COLONEL ",95.0,"edges.csv, nodes.csv",heronetwork.csv
AUGUST PERSONAGE IN,AUGUST PERSONAGE IN ,95.0,"edges.csv, nodes.csv",heronetwork.csv
AURORA/JEANNE-MARIE,AURORA/JEANNE-MARIE ,95.0,"edges.csv, nodes.csv",heronetwork.csv
BATTLEAXE II/JEROME,BATTLEAXE II/JEROME ,95.0,"edges.csv, nodes.csv",heronetwork.csv
BEETLE/ABNER RONALD,BEETLE/ABNER RONALD ,95.0,"edges.csv, nodes.csv",heronetwork.csv
BLACK AVENGER/JERRY,BLACK AVENGER/JERRY ,95.0,"edges.csv, nodes.csv",heronetwork.csv
BLACK BOLT | MUTANT,BLACK BOLT | MUTANT ,95.0,"edges.csv, nodes.csv",heronetwork.csv
BLACK FOX/ROBERT W.,BLACK FOX/ROBERT W. ,95.0,"edges.csv, nodes.csv",heronetwork.csv
BLACK KNIGHT II/SIR,BLACK KNIGHT II/SIR ,95.0,"edges.csv, nodes.csv",heronetwork.csv
BLACK KNIGHT V/DANE,BLACK KNIGHT V/DANE ,95.0,"edges.csv, nodes.csv",heronetwork.csv
BLACK TALON/DESMOND,BLACK TALON/DESMOND ,95.0,"edges.csv, nodes.csv",heronetwork.csv
BLACK WIDOW/NATASHA,BLACK WIDOW/NATASHA ,95.0,"edges.csv, nodes.csv",heronetwork.csv
BLOODSTORM | MUTANT,BLOODSTORM | MUTANT ,95.0,"edges.csv, nodes.csv",heronetwork.csv
"BRADDOCK, JAMES JR.","BRADDOCK, JAMES JR. ",95.0,"edges.csv, nodes.csv",heronetwork.csv
BRUTE/REED RICHARDS,BRUTE/REED RICHARDS ,95.0,"edges.csv, nodes.csv",heronetwork.csv
"BUCHETTO, SALVATORE","BUCHETTO, SALVATORE ",95.0,"edges.csv, nodes.csv",heronetwork.csv
CEREBRO MARK XIII |,CEREBRO MARK XIII | ,95.0,"edges.csv, nodes.csv",heronetwork.csv
CHI DEMON/PROFESSOR,CHI DEMON/PROFESSOR ,95.0,"edges.csv, nodes.csv",heronetwork.csv
CITIZEN V II/HELMUT,CITIZEN V II/HELMUT ,95.0,"edges.csv, nodes.csv",heronetwork.csv
CITYDWELLER/JERRY |,CITYDWELLER/JERRY | ,95.0,"edges.csv, nodes.csv",heronetwork.csv
COAL TIGER/T'CHALLA,COAL TIGER/T'CHALLA ,95.0,"edges.csv, nodes.csv",heronetwork.csv
COPPERHEAD/LAWRENCE,COPPERHEAD/LAWRENCE ,95.0,"edges.csv, nodes.csv",heronetwork.csv
"CORRIGAN, ARCHIBALD","CORRIGAN, ARCHIBALD ",95.0,"edges.csv, nodes.csv",heronetwork.csv
"COY, GENERAL NGUYEN","COY, GENERAL NGUYEN ",95.0,"edges.csv, nodes.csv",heronetwork.csv
"DARKOVER, PROFESSOR","DARKOVER, PROFESSOR ",95.0,"edges.csv, nodes.csv",heronetwork.csv
DEATH STING/MIRANDA,DEATH STING/MIRANDA ,95.0,"edges.csv, nodes.csv",heronetwork.csv
"DEVERAUX, INSPECTOR","DEVERAUX, INSPECTOR ",95.0,"edges.csv, nodes.csv",heronetwork.csv
DIAMOND LIL/LILLIAN,DIAMOND LIL/LILLIAN ,95.0,"edges.csv, nodes.csv",heronetwork.csv
DOC SAMSON | MUTANT,DOC SAMSON | MUTANT ,95.0,"edges.csv, nodes.csv",heronetwork.csv
DR. DOOM/VICTOR VON,DR. DOOM/VICTOR VON ,95.0,"edges.csv, nodes.csv",heronetwork.csv
DR. SPECTRUM II/DR.,DR. SPECTRUM II/DR. ,95.0,"edges.csv, nodes.csv",heronetwork.csv
DR. SPECTRUM/JOSEPH,DR. SPECTRUM/JOSEPH ,95.0,"edges.csv, nodes.csv",heronetwork.csv
DR. STRANGE/STEPHEN,DR. STRANGE/STEPHEN ,95.0,"edges.csv, nodes.csv",heronetwork.csv
"EDWARDS, MARTIN/DR.","EDWARDS, MARTIN/DR. ",95.0,"edges.csv, nodes.csv",heronetwork.csv
ERISHKIGEL II/HOLLY,ERISHKIGEL II/HOLLY ,95.0,"edges.csv, nodes.csv",heronetwork.csv
FIREFALL III/ARCHIE,FIREFALL III/ARCHIE ,95.0,"edges.csv, nodes.csv",heronetwork.csv
FIREWALL/THEARY/MIN,FIREWALL/THEARY/MIN ,95.0,"edges.csv, nodes.csv",heronetwork.csv
FOOLKILLER III/KURT,FOOLKILLER III/KURT ,95.0,"edges.csv, nodes.csv",heronetwork.csv
"FURY, COL. NICHOLAS","FURY, COL. NICHOLAS ",95.0,"edges.csv, nodes.csv",heronetwork.csv
"FURY, NICK | MUTANT","FURY, NICK | MUTANT ",95.0,"edges.csv, nodes.csv",heronetwork.csv
GAMBIT DOPPELGANGER,GAMBIT DOPPELGANGER ,95.0,"edges.csv, heronetwork.csv, nodes.csv",heronetwork.csv
GARDENER/ORD ZYONYZ,GARDENER/ORD ZYONYZ ,95.0,"edges.csv, nodes.csv",heronetwork.csv
GHOST RIDER III/DAN,GHOST RIDER III/DAN ,95.0,"edges.csv, nodes.csv",heronetwork.csv
GREEN GOBLIN/NORMAN,GREEN GOBLIN/NORMAN ,95.0,"edges.csv, nodes.csv",heronetwork.csv
"GREY, JEAN | MUTANT","GREY, JEAN | MUTANT ",95.0,"edges.csv, nodes.csv",heronetwork.csv
"GRIMM, BEN | MUTANT","GRIMM, BEN | MUTANT ",95.0,"edges.csv, nodes.csv",heronetwork.csv
GRIZZLY II/THEODORE,GRIZZLY II/THEODORE ,95.0,"edges.csv, nodes.csv",heronetwork.csv
"GYRICH, HENRY PETER","GYRICH, HENRY PETER ",95.0,"edges.csv, heronetwork.csv, nodes.csv",heronetwork.csv
HOBGOBLIN III/LEFTY,HOBGOBLIN III/LEFTY ,95.0,"edges.csv, nodes.csv",heronetwork.csv
ICEMAN/ROBERT BOBBY,ICEMAN/ROBERT BOBBY ,95.0,"edges.csv, nodes.csv",heronetwork.csv
INVISIBLE WOMAN/SUE,INVISIBLE WOMAN/SUE ,95.0,"edges.csv, nodes.csv",heronetwork.csv
IRON MAN/TONY STARK,IRON MAN/TONY STARK ,95.0,"edges.csv, nodes.csv",heronetwork.csv
JACK OF HEARTS/JACK,JACK OF HEARTS/JACK ,95.0,"edges.csv, nodes.csv",heronetwork.csv
JUGGERNAUT | MUTANT,JUGGERNAUT | MUTANT ,95.0,"edges.csv, nodes.csv",heronetwork.csv
"KILGREW, BASIL BETA","KILGREW, BASIL BETA ",95.0,"edges.csv, nodes.csv",heronetwork.csv
KILLER SHRIKE/SIMON,KILLER SHRIKE/SIMON ,95.0,"edges.csv, nodes.csv",heronetwork.csv
KLIGGER/SEN. EUGENE,KLIGGER/SEN. EUGENE ,95.0,"edges.csv, nodes.csv",heronetwork.csv
"LECLAIRE, PROFESSOR","LECLAIRE, PROFESSOR ",95.0,"edges.csv, nodes.csv",heronetwork.csv
LEVIATHAN II/EDWARD,LEVIATHAN II/EDWARD ,95.0,"edges.csv, nodes.csv",heronetwork.csv
LIVING LASER/ARTHUR,LIVING LASER/ARTHUR ,95.0,"edges.csv, nodes.csv",heronetwork.csv
"MACTAGGART, MOIRA |","MACTAGGART, MOIRA | ",95.0,"edges.csv, nodes.csv",heronetwork.csv
"MADDICKS, PROFESSOR","MADDICKS, PROFESSOR ",95.0,"edges.csv, nodes.csv",heronetwork.csv
MAGNETO/MAGNUS/ERIC,MAGNETO/MAGNUS/ERIC ,95.0,"edges.csv, nodes.csv",heronetwork.csv
MANIKIN/DR. WHITMAN,MANIKIN/DR. WHITMAN ,95.0,"edges.csv, nodes.csv",heronetwork.csv
"MANN, DR. J. VERNON","MANN, DR. J. VERNON ",95.0,"edges.csv, nodes.csv",heronetwork.csv
MAN-SPIDER | MUTANT,MAN-SPIDER | MUTANT ,95.0,"edges.csv, nodes.csv",heronetwork.csv
"MARTINELLI, VINCENT","MARTINELLI, VINCENT ",95.0,"edges.csv, nodes.csv",heronetwork.csv
MISSING LINK II/RAY,MISSING LINK II/RAY ,95.0,"edges.csv, nodes.csv",heronetwork.csv
MODULAR MAN/STEPHEN,MODULAR MAN/STEPHEN ,95.0,"edges.csv, nodes.csv",heronetwork.csv
MORBIUS/DR. MICHAEL,MORBIUS/DR. MICHAEL ,95.0,"edges.csv, nodes.csv",heronetwork.csv
MORNING STAR/ZVEZDA,MORNING STAR/ZVEZDA ,95.0,"edges.csv, nodes.csv",heronetwork.csv
MR. JUSTICE/TIMOTHY,MR. JUSTICE/TIMOTHY ,95.0,"edges.csv, nodes.csv",heronetwork.csv
MR. SINISTER/NATHAN,MR. SINISTER/NATHAN ,95.0,"edges.csv, nodes.csv",heronetwork.csv
"NALES, DET. REBECCA","NALES, DET. REBECCA ",95.0,"edges.csv, nodes.csv",heronetwork.csv
NORTHSTAR/JEAN-PAUL,NORTHSTAR/JEAN-PAUL ,95.0,"edges.csv, nodes.csv",heronetwork.csv
OUTRIDER/OCLIN UWIR,OUTRIDER/OCLIN UWIR ,95.0,"edges.csv, nodes.csv",heronetwork.csv
PAINTER/WILHELM VON,PAINTER/WILHELM VON ,95.0,"edges.csv, nodes.csv",heronetwork.csv
PESTILENCE | MUTANT,PESTILENCE | MUTANT ,95.0,"edges.csv, nodes.csv",heronetwork.csv
PILEDRIVER II/BRIAN,PILEDRIVER II/BRIAN ,95.0,"edges.csv, nodes.csv",heronetwork.csv
"PINKERTON, PERCIVAL","PINKERTON, PERCIVAL ",95.0,"edges.csv, nodes.csv",heronetwork.csv
POWERSURGE/ILLARION,POWERSURGE/ILLARION ,95.0,"edges.csv, nodes.csv",heronetwork.csv
PROFESSOR ANGST/DR.,PROFESSOR ANGST/DR. ,95.0,"edges.csv, nodes.csv",heronetwork.csv
PROFESSOR X/CHARLES,PROFESSOR X/CHARLES ,95.0,"edges.csv, nodes.csv",heronetwork.csv
PROFESSOR X | EARTH,PROFESSOR X | EARTH ,95.0,"edges.csv, nodes.csv",heronetwork.csv
PURPLE MAN/ZEBEDIAH,PURPLE MAN/ZEBEDIAH ,95.0,"edges.csv, nodes.csv",heronetwork.csv
QUASAR DOPPELGANGER,QUASAR DOPPELGANGER ,95.0,"edges.csv, heronetwork.csv, nodes.csv",heronetwork.csv
RADIOACTIVE MAN/DR.,RADIOACTIVE MAN/DR. ,95.0,"edges.csv, nodes.csv",heronetwork.csv
RAPTOR II/PROFESSOR,RAPTOR II/PROFESSOR ,95.0,"edges.csv, nodes.csv",heronetwork.csv
"RAYMOND, HENRY/ADAM","RAYMOND, HENRY/ADAM ",95.0,"edges.csv, nodes.csv",heronetwork.csv
RED SKULL II/ALBERT,RED SKULL II/ALBERT ,95.0,"edges.csv, nodes.csv",heronetwork.csv
"RICHARDS, FRANKLINK","RICHARDS, FRANKLINK ",95.0,"edges.csv, nodes.csv",heronetwork.csv
RIGHT-WINGER/JEROME,RIGHT-WINGER/JEROME ,95.0,"edges.csv, nodes.csv",heronetwork.csv
RINGER/ANTHONY TONY,RINGER/ANTHONY TONY ,95.0,"edges.csv, nodes.csv",heronetwork.csv
ROCKET RACER/ROBERT,ROCKET RACER/ROBERT ,95.0,"edges.csv, nodes.csv",heronetwork.csv
"ROOSEVELT, FRANKLIN","ROOSEVELT, FRANKLIN ",95.0,"edges.csv, nodes.csv",heronetwork.csv
"ROSS, GEN. THADDEUS","ROSS, GEN. THADDEUS ",95.0,"edges.csv, nodes.csv",heronetwork.csv
"ROSSI, COL. MICHAEL","ROSSI, COL. MICHAEL ",95.0,"edges.csv, nodes.csv",heronetwork.csv
SABRETOOTH | MUTANT,SABRETOOTH | MUTANT ,95.0,"edges.csv, nodes.csv",heronetwork.csv
SCARLET WITCH/WANDA,SCARLET WITCH/WANDA ,95.0,"edges.csv, nodes.csv",heronetwork.csv
SENSATIONAL HYDRA/A,SENSATIONAL HYDRA/A ,95.0,"edges.csv, nodes.csv",heronetwork.csv
SHADOWCAT/KATHERINE,SHADOWCAT/KATHERINE ,95.0,"edges.csv, nodes.csv",heronetwork.csv
SHOCKWAVE/LANCASTER,SHOCKWAVE/LANCASTER ,95.0,"edges.csv, nodes.csv",heronetwork.csv
SHORT CIRCUIT/HENRY,SHORT CIRCUIT/HENRY ,95.0,"edges.csv, nodes.csv",heronetwork.csv
SILVERCLAW/LA GARRA,SILVERCLAW/LA GARRA ,95.0,"edges.csv, nodes.csv",heronetwork.csv
SNOWBIRD/NARYA/ANNE,SNOWBIRD/NARYA/ANNE ,95.0,"edges.csv, nodes.csv",heronetwork.csv
"SPAR, DR. KATHERINE","SPAR, DR. KATHERINE ",95.0,"edges.csv, nodes.csv",heronetwork.csv
SPOOR/ANDREW HAMISH,SPOOR/ANDREW HAMISH ,95.0,"edges.csv, nodes.csv",heronetwork.csv
STARSHINE II/BRANDY,STARSHINE II/BRANDY ,95.0,"edges.csv, nodes.csv",heronetwork.csv
STINGRAY/DR. WALTER,STINGRAY/DR. WALTER ,95.0,"edges.csv, nodes.csv",heronetwork.csv
STRONG GUY | MUTANT,STRONG GUY | MUTANT ,95.0,"edges.csv, nodes.csv",heronetwork.csv
STUNT-MASTER/GEORGE,STUNT-MASTER/GEORGE ,95.0,"edges.csv, nodes.csv",heronetwork.csv
TRITON DOPPELGANGER,TRITON DOPPELGANGER ,95.0,"edges.csv, heronetwork.csv, nodes.csv",heronetwork.csv
TUMBLER/JOHN ROBERT,TUMBLER/JOHN ROBERT ,95.0,"edges.csv, nodes.csv",heronetwork.csv
UNION JACK II/BRIAN,UNION JACK II/BRIAN ,95.0,"edges.csv, nodes.csv",heronetwork.csv
UNION JACK III/JOEY,UNION JACK III/JOEY ,95.0,"edges.csv, nodes.csv",heronetwork.csv
VISION DOPPELGANGER,VISION DOPPELGANGER ,95.0,"edges.csv, heronetwork.csv, nodes.csv",heronetwork.csv
"WAGNER, ERNIE WHACK","WAGNER, ERNIE WHACK ",95.0,"edges.csv, nodes.csv",heronetwork.csv
WAR/ABRAHAM LINCOLN,WAR/ABRAHAM LINCOLN ,95.0,"edges.csv, nodes.csv",heronetwork.csv
WARRIOR WOMAN/JULIA,WARRIOR WOMAN/JULIA ,95.0,"edges.csv, nodes.csv",heronetwork.csv
WASP/JANET VAN DYNE,WASP/JANET VAN DYNE ,95.0,"edges.csv, nodes.csv",heronetwork.csv
"WATSON-PARKER, MARY","WATSON-PARKER, MARY ",95.0,"edges.csv, nodes.csv",heronetwork.csv
WILD CHILD | MUTANT,WILD CHILD | MUTANT ,95.0,"edges.csv, nodes.csv",heronetwork.csv
WIND-WARRIOR/PAMELA,WIND-WARRIOR/PAMELA ,95.0,"edges.csv, nodes.csv",heronetwork.csv
"WORTHINGTON, WARREN","WORTHINGTON, WARREN ",95.0,"edges.csv, nodes.csv",heronetwork.csv
ZEMO/BARON HEINRICH,ZEMO/BARON HEINRICH ,95.0,"edges.csv, nodes.csv",heronetwork.csv
"RICHARDS, FRANKLIN 2","RICHARDS, FRANKLIN B",95.0,"edges.csv, heronetwork.csv, nodes.csv","edges.csv, heronetwork.csv, nodes.csv"
SUNFIRE/SHIRO YASHID,SUNFIRE/SHIRO YOSHID,95.0,"edges.csv, heronetwork.csv, nodes.csv","edges.csv, heronetwork.csv, nodes.csv"
GAMBIT/REMY LEBEAU,GAMBIT/REMY LEBEAU ,94.7,"edges.csv, nodes.csv",heronetwork.csv
HAVOK/ALEX SUMMERS,HAVOK/ALEX SUMMERS ,94.7,"edges.csv, nodes.csv",heronetwork.csv
"JAMESON, COL. JOHN","JAMESON, COL. JOHN ",94.7,"edges.csv, nodes.csv",heronetwork.csv
X-MAN/NATHAN GREY,X-MAN/NATHAN GREY ,94.4,"edges.csv, nodes.csv",heronetwork.csv
"JEFFRIES, MAGGIE","JEFFRIES, MAGGIE ",94.1,"edges.csv, nodes.csv",heronetwork.csv
"STRUCKER, ANDREA","STRUCKER, ANDREAS",94.1,"edges.csv, heronetwork.csv, nodes.csv","edges.csv, heronetwork.csv, nodes.csv"
MADAME MASQUE II/,MADAME MASQUE III,94.1,"edges.csv, heronetwork.csv, nodes.csv","edges.csv, heronetwork.csv, nodes.csv"
"BALLANTINE, MR.","BALLANTINE, MRS.",93.8,"edges.csv, heronetwork.csv, nodes.csv","edges.csv, heronetwork.csv, nodes.csv"
MADAME MASQUE V,MADAME MASQUE IV,93.8,"edges.csv, heronetwork.csv, nodes.csv","edges.csv, heronetwork.csv, nodes.csv"
MADAME MASQUE V,MADAME MASQUE VI,93.8,"edges.csv, heronetwork.csv, nodes.csv","edges.csv, heronetwork.csv, nodes.csv"
"RITTER, DEBORAH","RITTER, DEBORAH ",93.8,"edges.csv, nodes.csv",heronetwork.csv
WOLVERINE/LOGAN,WOLVERINE/LOGAN ,93.8,"edges.csv, nodes.csv",heronetwork.csv
MASTER MOLD II,MASTER MOLD III,93.3,"edges.csv, heronetwork.csv, nodes.csv","edges.csv, heronetwork.csv, nodes.csv"
"PARKER, MAY II","PARKER, MAY III",93.3,"edges.csv, heronetwork.csv, nodes.csv","edges.csv, heronetwork.csv, nodes.csv"
RED GUARDIAN V,RED GUARDIAN IV,93.3,"edges.csv, heronetwork.csv, nodes.csv","edges.csv, heronetwork.csv, nodes.csv"
EXECUTIONER V,EXECUTIONER IV,92.9,"edges.csv, heronetwork.csv, nodes.csv","edges.csv, heronetwork.csv, nodes.csv"
HATE-MONGER V,HATE-MONGER IV,92.9,"edges.csv, heronetwork.csv, nodes.csv","edges.csv, heronetwork.csv, nodes.csv"
"JARVIS, EDWIN","JARVIS, EDWIN ",92.9,"edges.csv, nodes.csv",heronetwork.csv
"MARTINEZ, MR.","MARTINEZ, MRS.",92.9,"edges.csv, heronetwork.csv, nodes.csv","edges.csv, heronetwork.csv, nodes.csv"
COPPERHEAD II/,COPPERHEAD IV/,92.9,"edges.csv, heronetwork.csv, nodes.csv","edges.csv, heronetwork.csv, nodes.csv"
HATE-MONGER II,HATE-MONGER IV,92.9,"edges.csv, heronetwork.csv, nodes.csv","edges.csv, heronetwork.csv, nodes.csv"
POWERHOUSE II/,POWERHOUSE IV/,92.9,"edges.csv, heronetwork.csv, nodes.csv","edges.csv, heronetwork.csv, nodes.csv"
AQUARIUS II/,AQUARIUS III/,92.3,"edges.csv, heronetwork.csv, nodes.csv","edges.csv, heronetwork.csv, nodes.csv"
BERSERKER II,BERSERKER III,92.3,"edges.csv, nodes.csv","edges.csv, heronetwork.csv, nodes.csv"
HURRICANE II,HURRICANE III,92.3,"edges.csv, heronetwork.csv, nodes.csv","edges.csv, heronetwork.csv, nodes.csv"
MARROW/SARAH,MARROW/SARAH ,92.3,"edges.csv, nodes.csv",heronetwork.csv
"RANDEAU, DR.","REANDEAU, DR.",92.3,"edges.csv, heronetwork.csv, nodes.csv","edges.csv, heronetwork.csv, nodes.csv"
RAZORFIST II,RAZORFIST III,92.3,"edges.csv, heronetwork.csv, nodes.csv","edges.csv, heronetwork.csv, nodes.csv"
ATOM-SMASHER/,ATOM SMASHER/,92.3,"edges.csv, heronetwork.csv, nodes.csv","edges.csv, heronetwork.csv, nodes.csv"
"JONES, ANDY","JONES, SANDY",91.7,"edges.csv, heronetwork.csv, nodes.csv","edges.csv, heronetwork.csv, nodes.csv"
LEVIATHAN V,LEVIATHAN IV,91.7,"edges.csv, heronetwork.csv, nodes.csv","edges.csv, heronetwork.csv, nodes.csv"
LEVIATHAN V,LEVIATHAN VI,91.7,"edges.csv, heronetwork.csv, nodes.csv","edges.csv, heronetwork.csv, nodes.csv"
MINOTAUR II,MINOTAUR III,91.7,"edges.csv, heronetwork.csv, nodes.csv","edges.csv, heronetwork.csv, nodes.csv"
"PARKER, MAY","PARKER, MARY",91.7,"edges.csv, heronetwork.csv, nodes.csv","edges.csv, heronetwork.csv, nodes.csv"
"RHODES, MR.","RHODES, MRS.",91.7,"edges.csv, heronetwork.csv, nodes.csv","edges.csv, heronetwork.csv, nodes.csv"
"SHAARA, MR.","SHAARA, MRS.",91.7,"edges.csv, heronetwork.csv, nodes.csv","edges.csv, heronetwork.csv, nodes.csv"
"SMITH, ANDY","SMITH, MANDY",91.7,"edges.csv, heronetwork.csv, nodes.csv","edges.csv, heronetwork.csv, nodes.csv"
STINGER II/,STINGER III/,91.7,"edges.csv, heronetwork.csv, nodes.csv","edges.csv, heronetwork.csv, nodes.csv"
UNICORN II/,UNICORN III/,91.7,"edges.csv, heronetwork.csv, nodes.csv","edges.csv, heronetwork.csv, nodes.csv"
"LANNING, DR.","MANNING, DR.",91.7,"edges.csv, heronetwork.csv, nodes.csv","edges.csv, heronetwork.csv, nodes.csv"
SMASHER II,SMASHER III,90.9,"edges.csv, heronetwork.csv, nodes.csv","edges.csv, heronetwork.csv, nodes.csv"
"KEMBLE, DR.","KIMBLE, DR.",90.9,"edges.csv, heronetwork.csv, nodes.csv","edges.csv, heronetwork.csv, nodes.csv"
JESTER II,JESTER III,90.0,"edges.csv, heronetwork.csv, nodes.csv","edges.csv, heronetwork.csv, nodes.csv"
MALICE II,MALICE III,90.0,"edges.csv, heronetwork.csv, nodes.csv","edges.csv, heronetwork.csv, nodes.csv"
SHAMAN II,SHAMAN III,90.0,"edges.csv, heronetwork.csv, nodes.csv","edges.csv, heronetwork.csv, nodes.csv"
SMASHER V,SMASHER IV,90.0,"edges.csv, heronetwork.csv, nodes.csv","edges.csv, heronetwork.csv, nodes.csv"
SPHINX II,SPHINX III,90.0,"edges.csv, heronetwork.csv, nodes.csv","edges.csv, heronetwork.csv, nodes.csv"
HAMMER II/,HAMMER IV/,90.0,"edges.csv, heronetwork.csv, nodes.csv","edges.csv, heronetwork.csv, nodes.csv"
MINDSTORM/,WINDSTORM/,90.0,"edges.csv, heronetwork.csv, nodes.csv","edges.csv, heronetwork.csv, nodes.csv"
SCORPIO II,SCORPIO IV,90.0,"edges.csv, heronetwork.csv, nodes.csv","edges.csv, heronetwork.csv, nodes.csv"
SLASHER II,SMASHER II,90.0,"edges.csv, heronetwork.csv, nodes.csv","edges.csv, heronetwork.csv, nodes.csv"
SMASHER II,SMASHER IV,90.0,"edges.csv, heronetwork.csv, nodes.csv","edges.csv, heronetwork.csv, nodes.csv"
BEAST DOPPELGANGER,BEAST DOPPELGANGER I,90.0,"edges.csv, heronetwork.csv, nodes.csv","edges.csv, heronetwork.csv, nodes.csv"
DAGGER/TANDY BOWEN,DAGGER/TANDY BOWEN |,90.0,"edges.csv, heronetwork.csv, nodes.csv","edges.csv, heronetwork.csv, nodes.csv"
HUSK/PAIGE GUTHRIE,HUSK/PAIGE GUTHRIE |,90.0,"edges.csv, heronetwork.csv, nodes.csv","edges.csv, heronetwork.csv, nodes.csv"
STORM DOPPELGANGER,STORM DOPPELGANGER I,90.0,"edges.csv, heronetwork.csv, nodes.csv","edges.csv, heronetwork.csv, nodes.csv"
THING DOPPELGANGER,THING DOPPELGANGER I,90.0,"edges.csv, heronetwork.csv, nodes.csv","edges.csv, heronetwork.csv, nodes.csv"
"RICHARDS, FRANKLINK","RICHARDS, FRANKLIN 2",90.0,"edges.csv, nodes.csv","edges.csv, heronetwork.csv, nodes.csv"
"RICHARDS, FRANKLINK","RICHARDS, FRANKLIN B",90.0,"edges.csv, nodes.csv","edges.csv, heronetwork.csv, nodes.csv"
AMERICAN EAGLE III/J,AMERICAN EAGLE II/JA,90.0,"edges.csv, heronetwork.csv, nodes.csv","edges.csv, heronetwork.csv, nodes.csv"
BLACK KNIGHT IV DOPP,BLACK KNIGHT V DOPPE,90.0,"edges.csv, heronetwork.csv, nodes.csv","edges.csv, heronetwork.csv, nodes.csv"
BLACK KNIGHT IV/PROF,BLACK KNIGHT VI/PROF,90.0,"edges.csv, heronetwork.csv, nodes.csv","edges.csv, heronetwork.csv, nodes.csv"
BLOOD WRAITH/SEAN DO,BLOODWRAITH/SEAN DOL,90.0,"edges.csv, heronetwork.csv, nodes.csv","edges.csv, heronetwork.csv, nodes.csv"
CRIMSON DYNAMO III/A,CRIMSON DYNAMO VIII/,90.0,"edges.csv, heronetwork.csv, nodes.csv","edges.csv, heronetwork.csv, nodes.csv"
HOGUN | MUTANT X-VER,ROGUE | MUTANT X-VER,90.0,"edges.csv, heronetwork.csv, nodes.csv","edges.csv, heronetwork.csv, nodes.csv"
HULK DOPPELGANGER II,PUCK DOPPELGANGER II,90.0,"edges.csv, heronetwork.csv, nodes.csv","edges.csv, heronetwork.csv, nodes.csv"
HULK | MUTANT X-VERS,PUCK | MUTANT X-VERS,90.0,"edges.csv, heronetwork.csv, nodes.csv","edges.csv, heronetwork.csv, nodes.csv"
KARKAS | MUTANT X-VE,KARNAK | MUTANT X-VE,90.0,"edges.csv, heronetwork.csv, nodes.csv","edges.csv, heronetwork.csv, nodes.csv"
NOVA II/FRANKIE RAYE,NOVA III/FRANKIE RAY,90.0,"edges.csv, heronetwork.csv, nodes.csv","edges.csv, heronetwork.csv, nodes.csv"
"RICHARDS, FRANKLIN 2","RICHARDS, FRANKLINK ",90.0,"edges.csv, heronetwork.csv, nodes.csv",heronetwork.csv
"RICHARDS, FRANKLIN B","RICHARDS, FRANKLINK ",90.0,"edges.csv, heronetwork.csv, nodes.csv",heronetwork.csv
ELECTRON,ELECTRYON,88.9,"edges.csv, heronetwork.csv, nodes.csv","edges.csv, heronetwork.csv, nodes.csv"
GOLEM II,GOLEM III,88.9,"edges.csv, heronetwork.csv, nodes.csv","edges.csv, heronetwork.csv, nodes.csv"
STRANGER,STRANGLER,88.9,"edges.csv, heronetwork.csv, nodes.csv","edges.csv, heronetwork.csv, nodes.csv"
CENTARIUS,CENTURIUS,88.9,"edges.csv, heronetwork.csv, nodes.csv","edges.csv, heronetwork.csv, nodes.csv"
MALICE II,MALICE IV,88.9,"edges.csv, heronetwork.csv, nodes.csv","edges.csv, heronetwork.csv, nodes.csv"
RANGER I/,RANGER II,88.9,"edges.csv, heronetwork.csv, nodes.csv","edges.csv, heronetwork.csv, nodes.csv"
RANGER II,RINGER II,88.9,"edges.csv, heronetwork.csv, nodes.csv","edges.csv, heronetwork.csv, nodes.csv"
SPIDER-MAN/PETER PARKER,SPIDER-MAN/PETER PARKERKER,88.5,edges.csv,nodes.csv
MADAME MASQUE IV,MADAME MASQUE II/,88.2,"edges.csv, heronetwork.csv, nodes.csv","edges.csv, heronetwork.csv, nodes.csv"
MADAME MASQUE IV,MADAME MASQUE III,88.2,"edges.csv, heronetwork.csv, nodes.csv","edges.csv, heronetwork.csv, nodes.csv"
MADAME MASQUE VI,MADAME MASQUE II/,88.2,"edges.csv, heronetwork.csv, nodes.csv","edges.csv, heronetwork.csv, nodes.csv"
MADAME MASQUE VI,MADAME MASQUE III,88.2,"edges.csv, heronetwork.csv, nodes.csv","edges.csv, heronetwork.csv, nodes.csv"
HULK DOPPELGANGER,PUCK DOPPELGANGER,88.2,"edges.csv, heronetwork.csv, nodes.csv","edges.csv, heronetwork.csv, nodes.csv"
"SHORR, JACQUELINE","STARR, JACQUELINE",88.2,"edges.csv, heronetwork.csv, nodes.csv","edges.csv, heronetwork.csv, nodes.csv"
FANG II,FANG III,87.5,"edges.csv, heronetwork.csv, nodes.csv","edges.csv, heronetwork.csv, nodes.csv"
LOBO II,LOBO III,87.5,"edges.csv, heronetwork.csv, nodes.csv","edges.csv, heronetwork.csv, nodes.csv"
PILGRIM,PILGRIMM,87.5,"edges.csv, heronetwork.csv, nodes.csv","edges.csv, heronetwork.csv, nodes.csv"
SETH II,SETH III,87.5,"edges.csv, heronetwork.csv, nodes.csv","edges.csv, heronetwork.csv, nodes.csv"
STRANGE,STRANGER,87.5,"edges.csv, heronetwork.csv, nodes.csv","edges.csv, heronetwork.csv, nodes.csv"
FANTASIA,FANTASMA,87.5,"edges.csv, heronetwork.csv, nodes.csv","edges.csv, heronetwork.csv, nodes.csv"
MEPHISTA,MEPHISTO,87.5,"edges.csv, heronetwork.csv, nodes.csv","edges.csv, heronetwork.csv, nodes.csv"
SILENCE/,SILENCER,87.5,"edges.csv, heronetwork.csv, nodes.csv","edges.csv, heronetwork.csv, nodes.csv"
IMPOSSIBLE MAN,IMPOSSIBLE WOMAN,87.5,"edges.csv, heronetwork.csv, nodes.csv","edges.csv, heronetwork.csv, nodes.csv"
MADAME MASQUE IV,MADAME MASQUE VI,87.5,"edges.csv, heronetwork.csv, nodes.csv","edges.csv, heronetwork.csv, nodes.csv"
SPIDER-MAN/PETER PAR,SPIDER-MAN/PETER PARKER,87.0,heronetwork.csv,edges.csv
ANELLE,ANIELLE,85.7,"edges.csv, heronetwork.csv, nodes.csv","edges.csv, heronetwork.csv, nodes.csv"
GOG II,GOG III,85.7,"edges.csv, heronetwork.csv, nodes.csv","edges.csv, heronetwork.csv, nodes.csv"
MARITA,MARISTA,85.7,"edges.csv, heronetwork.csv, nodes.csv","edges.csv, heronetwork.csv, nodes.csv"
NEBULO,NEBULON,85.7,"edges.csv, heronetwork.csv, nodes.csv","edges.csv, heronetwork.csv, nodes.csv"
OSHIMA,KOSHIMA,85.7,"edges.csv, heronetwork.csv, nodes.csv","edges.csv, heronetwork.csv, nodes.csv"
SHAKTI,SHAKATI,85.7,"edges.csv, heronetwork.csv, nodes.csv","edges.csv, heronetwork.csv, nodes.csv"
TRACER,TRACKER,85.7,"edges.csv, heronetwork.csv, nodes.csv","edges.csv, heronetwork.csv, nodes.csv"
TUNDRA,THUNDRA,85.7,"edges.csv, heronetwork.csv, nodes.csv","edges.csv, heronetwork.csv, nodes.csv"
VISION,VISION ,85.7,"edges.csv, nodes.csv",heronetwork.csv
WALRUS,WALRUSS,85.7,"edges.csv, heronetwork.csv, nodes.csv","edges.csv, heronetwork.csv, nodes.csv"
BUMPKIN,PUMPKIN,85.7,"edges.csv, heronetwork.csv, nodes.csv","edges.csv, heronetwork.csv, nodes.csv"
M'KAMBA,M'KUMBA,85.7,"edges.csv, heronetwork.csv, nodes.csv","edges.csv, heronetwork.csv, nodes.csv"
SLASHER,SMASHER,85.7,"edges.csv, heronetwork.csv, nodes.csv","edges.csv, heronetwork.csv, nodes.csv"
STRIDER,STRIKER,85.7,"edges.csv, heronetwork.csv, nodes.csv","edges.csv, heronetwork.csv, nodes.csv"
HATE-MONGER V,HATE-MONGER II,85.7,"edges.csv, heronetwork.csv, nodes.csv","edges.csv, heronetwork.csv, nodes.csv"
"PACE, MICHAEL","PAYNE, MICHAEL",85.7,"edges.csv, heronetwork.csv, nodes.csv","edges.csv, heronetwork.csv, nodes.csv"
"OSBORN, NORMAN","OSBORN, NORMIE",85.7,"edges.csv, heronetwork.csv, nodes.csv","edges.csv, heronetwork.csv, nodes.csv"
BEAUTIFUL DREAMER,BEAUTIFUL DREAMER II,85.0,"edges.csv, heronetwork.csv, nodes.csv","edges.csv, heronetwork.csv, nodes.csv"
"BLAKE, DR. DONALD","BLAKE, DR. DONALD (C",85.0,"edges.csv, heronetwork.csv, nodes.csv","edges.csv, heronetwork.csv, nodes.csv"
DORMA [ATLANTEAN],DORMA II [ATLANTEAN],85.0,"edges.csv, heronetwork.csv, nodes.csv","edges.csv, heronetwork.csv, nodes.csv"
HULK DOPPELGANGER,HULK DOPPELGANGER II,85.0,"edges.csv, heronetwork.csv, nodes.csv","edges.csv, heronetwork.csv, nodes.csv"
NOVA DOPPELGANGER,NOVA DOPPELGANGER II,85.0,"edges.csv, heronetwork.csv, nodes.csv","edges.csv, heronetwork.csv, nodes.csv"
PUCK DOPPELGANGER,PUCK DOPPELGANGER II,85.0,"edges.csv, heronetwork.csv, nodes.csv","edges.csv, heronetwork.csv, nodes.csv"
HERMES [GREEK GOD],HERCULES [GREEK GOD],85.0,"edges.csv, heronetwork.csv, nodes.csv","edges.csv, heronetwork.csv, nodes.csv"
"MACTAGGART, MOIRA |","MACTAGGERT, MOIRA KI",85.0,"edges.csv, nodes.csv","edges.csv, heronetwork.csv, nodes.csv"
CAPTAIN AMERICA IV/S,CAPTAIN AMERICA V/RO,85.0,"edges.csv, heronetwork.csv, nodes.csv","edges.csv, heronetwork.csv, nodes.csv"
CAPTAIN MARVEL III/G,CAPTAIN MARVEL II/MO,85.0,"edges.csv, heronetwork.csv, nodes.csv","edges.csv, heronetwork.csv, nodes.csv"
CRIMSON DYNAMO II/BO,CRIMSON DYNAMO III/A,85.0,"edges.csv, heronetwork.csv, nodes.csv","edges.csv, heronetwork.csv, nodes.csv"
CRIMSON DYNAMO II/BO,CRIMSON DYNAMO IV/YU,85.0,"edges.csv, heronetwork.csv, nodes.csv","edges.csv, heronetwork.csv, nodes.csv"
CRIMSON DYNAMO II/BO,CRIMSON DYNAMO VI/VA,85.0,"edges.csv, heronetwork.csv, nodes.csv","edges.csv, heronetwork.csv, nodes.csv"
CRIMSON DYNAMO III/A,CRIMSON DYNAMO VI/VA,85.0,"edges.csv, heronetwork.csv, nodes.csv","edges.csv, heronetwork.csv, nodes.csv"
CRIMSON DYNAMO V/DIM,CRIMSON DYNAMO VIII/,85.0,"edges.csv, heronetwork.csv, nodes.csv","edges.csv, heronetwork.csv, nodes.csv"
CRIMSON DYNAMO VIII/,CRIMSON DYNAMO VI/VA,85.0,"edges.csv, heronetwork.csv, nodes.csv","edges.csv, heronetwork.csv, nodes.csv"
EMPRESS R'KILL [SKRU,EMPRESS S'BYLL [SKRU,85.0,"edges.csv, heronetwork.csv, nodes.csv","edges.csv, heronetwork.csv, nodes.csv"
FORGE | MUTANT X-VER,ROGUE | MUTANT X-VER,85.0,"edges.csv, heronetwork.csv, nodes.csv","edges.csv, heronetwork.csv, nodes.csv"
HAVOK | MUTANT X-VER,RAVEN | MUTANT X-VER,85.0,"edges.csv, heronetwork.csv, nodes.csv","edges.csv, heronetwork.csv, nodes.csv"
IKARIS | MUTANT X-VE,KARKAS | MUTANT X-VE,85.0,"edges.csv, heronetwork.csv, nodes.csv","edges.csv, heronetwork.csv, nodes.csv"
KRAVEN THE HUNTER II,KRAVEN THE HUNTER/SE,85.0,"edges.csv, heronetwork.csv, nodes.csv","edges.csv, heronetwork.csv, nodes.csv"
"MACTAGGERT, MOIRA KI","MACTAGGART, MOIRA | ",85.0,"edges.csv, heronetwork.csv, nodes.csv",heronetwork.csv
"MENGOCHAUZERAUS, GRI","MENGOCHAUZERAUS, STA",85.0,"edges.csv, heronetwork.csv, nodes.csv","edges.csv, heronetwork.csv, nodes.csv"
"RICHARDS, REED | EAR","RICHARDS, REED | MUT",85.0,"edges.csv, heronetwork.csv, nodes.csv","edges.csv, heronetwork.csv, nodes.csv"
"WEISENTHAL, DR. JACO","WEISENTHAL, DR. JONA",85.0,"edges.csv, heronetwork.csv, nodes.csv","edges.csv, heronetwork.csv, nodes.csv"
BASILISK II,BASILISK III/,84.6,"edges.csv, heronetwork.csv, nodes.csv","edges.csv, heronetwork.csv, nodes.csv"
BLACK RAZER,BLACK RAAZER/,84.6,"edges.csv, heronetwork.csv, nodes.csv","edges.csv, heronetwork.csv, nodes.csv"
EXECUTIONER,EXECUTIONER V,84.6,"edges.csv, heronetwork.csv, nodes.csv","edges.csv, heronetwork.csv, nodes.csv"
BLACK RACER/,BLACK RAAZER/,84.6,"edges.csv, heronetwork.csv, nodes.csv","edges.csv, heronetwork.csv, nodes.csv"
"CHALMERS, MR.","CHAMBERS, MR.",84.6,"edges.csv, heronetwork.csv, nodes.csv","edges.csv, heronetwork.csv, nodes.csv"
ASHEMA [CELESTIAL],ARISHEM [CELESTIAL],84.2,"edges.csv, heronetwork.csv, nodes.csv","edges.csv, heronetwork.csv, nodes.csv"
THING DOPPELGANGER,THANOS DOPPELGANGER,84.2,"edges.csv, heronetwork.csv, nodes.csv","edges.csv, heronetwork.csv, nodes.csv"
ANTRO,ANTORO,83.3,"edges.csv, heronetwork.csv, nodes.csv","edges.csv, heronetwork.csv, nodes.csv"
BAKER,BARKER,83.3,"edges.csv, heronetwork.csv, nodes.csv","edges.csv, heronetwork.csv, nodes.csv"
CYLLA,SCYLLA,83.3,"edges.csv, heronetwork.csv, nodes.csv","edges.csv, heronetwork.csv, nodes.csv"
KATAR,KATHAR,83.3,"edges.csv, heronetwork.csv, nodes.csv","edges.csv, heronetwork.csv, nodes.csv"
LOCUS,LOCUST,83.3,"edges.csv, heronetwork.csv, nodes.csv","edges.csv, heronetwork.csv, nodes.csv"
MAGOG,MANGOG,83.3,"edges.csv, heronetwork.csv, nodes.csv","edges.csv, heronetwork.csv, nodes.csv"
MAGUS,MAGNUS,83.3,"edges.csv, heronetwork.csv, nodes.csv","edges.csv, heronetwork.csv, nodes.csv"
RAGAR,KRAGAR,83.3,"edges.csv, heronetwork.csv, nodes.csv","edges.csv, heronetwork.csv, nodes.csv"
SPIKE,SPIKEY,83.3,"edges.csv, heronetwork.csv, nodes.csv","edges.csv, heronetwork.csv, nodes.csv"
THERA,THERAK,83.3,"edges.csv, heronetwork.csv, nodes.csv","edges.csv, heronetwork.csv, nodes.csv"
TRION,TRITON,83.3,"edges.csv, heronetwork.csv, nodes.csv","edges.csv, heronetwork.csv, nodes.csv"
TYRAK,STYRAK,83.3,"edges.csv, heronetwork.csv, nodes.csv","edges.csv, heronetwork.csv, nodes.csv"
XANDU,XIANDU,83.3,"edges.csv, heronetwork.csv, nodes.csv","edges.csv, heronetwork.csv, nodes.csv"
BLADE,BLADE/,83.3,heronetwork.csv,"edges.csv, nodes.csv"
SABRE,SABRE/,83.3,heronetwork.csv,"edges.csv, nodes.csv"
BIANDU,XIANDU,83.3,"edges.csv, heronetwork.csv, nodes.csv","edges.csv, heronetwork.csv, nodes.csv"
BLADE/,BLARE/,83.3,"edges.csv, nodes.csv","edges.csv, nodes.csv"
BLARE/,FLARE/,83.3,"edges.csv, nodes.csv","edges.csv, heronetwork.csv, nodes.csv"
CANDRA,KANDRA,83.3,"edges.csv, heronetwork.csv, nodes.csv","edges.csv, heronetwork.csv, nodes.csv"
CAT II,CAT IV,83.3,"edges.csv, heronetwork.csv, nodes.csv","edges.csv, heronetwork.csv, nodes.csv"
DOMINA,DOMINO,83.3,"edges.csv, heronetwork.csv, nodes.csv","edges.csv, heronetwork.csv, nodes.csv"
FENRIS,FERRIS,83.3,"edges.csv, nodes.csv","edges.csv, heronetwork.csv, nodes.csv"
GANTRY,GENTRY,83.3,"edges.csv, heronetwork.csv, nodes.csv","edges.csv, heronetwork.csv, nodes.csv"
GREASE,GREASY,83.3,"edges.csv, heronetwork.csv, nodes.csv","edges.csv, heronetwork.csv, nodes.csv"
HECTOR,VECTOR,83.3,"edges.csv, heronetwork.csv, nodes.csv","edges.csv, heronetwork.csv, nodes.csv"
HEDRON,HYDRON,83.3,"edges.csv, heronetwork.csv, nodes.csv","edges.csv, heronetwork.csv, nodes.csv"
HUNGER,HUNGYR,83.3,"edges.csv, heronetwork.csv, nodes.csv","edges.csv, heronetwork.csv, nodes.csv"
LEESHA,SEESHA,83.3,"edges.csv, heronetwork.csv, nodes.csv","edges.csv, heronetwork.csv, nodes.csv"
MAGNIR,MAGNOR,83.3,"edges.csv, heronetwork.csv, nodes.csv","edges.csv, heronetwork.csv, nodes.csv"
MERLIN,MERLYN,83.3,"edges.csv, heronetwork.csv, nodes.csv","edges.csv, heronetwork.csv, nodes.csv"
MIDGET,WIDGET,83.3,"edges.csv, heronetwork.csv, nodes.csv","edges.csv, heronetwork.csv, nodes.csv"
NEBULA,NEBULO,83.3,"edges.csv, heronetwork.csv, nodes.csv","edges.csv, heronetwork.csv, nodes.csv"
N'GAMI,N'GAMO,83.3,"edges.csv, heronetwork.csv, nodes.csv","edges.csv, heronetwork.csv, nodes.csv"
THAKOS,THANOS,83.3,"edges.csv, heronetwork.csv, nodes.csv","edges.csv, heronetwork.csv, nodes.csv"
TRACER,TRADER,83.3,"edges.csv, heronetwork.csv, nodes.csv","edges.csv, heronetwork.csv, nodes.csv"
ULTIMA,ULTIMO,83.3,"edges.csv, heronetwork.csv, nodes.csv","edges.csv, heronetwork.csv, nodes.csv"
VIRAGO,VIRAKO,83.3,"edges.csv, heronetwork.csv, nodes.csv","edges.csv, heronetwork.csv, nodes.csv"
MERCURY II,MERCURY III/,83.3,"edges.csv, heronetwork.csv, nodes.csv","edges.csv, heronetwork.csv, nodes.csv"
BLACK RAZER,BLACK RACER/,83.3,"edges.csv, heronetwork.csv, nodes.csv","edges.csv, heronetwork.csv, nodes.csv"
"CARTER, TAD","CARTER, BRAD",83.3,"edges.csv, heronetwork.csv, nodes.csv","edges.csv, heronetwork.csv, nodes.csv"
GUARDIAN IV,GUARDIAN III,83.3,"edges.csv, heronetwork.csv, nodes.csv","edges.csv, heronetwork.csv, nodes.csv"
LEVIATHAN IV,LEVIATHAN VI,83.3,"edges.csv, heronetwork.csv, nodes.csv","edges.csv, heronetwork.csv, nodes.csv"
"SEWARD, ANNE","SEWARD, JANE",83.3,"edges.csv, heronetwork.csv, nodes.csv","edges.csv, heronetwork.csv, nodes.csv"
SMOKESCREAM/,SMOKESCREEN/,83.3,"edges.csv, heronetwork.csv, nodes.csv","edges.csv, heronetwork.csv, nodes.csv"
"WINGFOOT, WYATT","WINGFOOT, WYATT II",83.3,"edges.csv, heronetwork.csv, nodes.csv","edges.csv, heronetwork.csv, nodes.csv"
ARES [GREEK GOD],HERMES [GREEK GOD],83.3,"edges.csv, heronetwork.csv, nodes.csv","edges.csv, heronetwork.csv, nodes.csv"
DEATHCRY [SHI'AR],DEATHBIRD [SHI'AR],83.3,"edges.csv, heronetwork.csv, nodes.csv","edges.csv, heronetwork.csv, nodes.csv"
HODER [ASGARDIAN],BALDER [ASGARDIAN],83.3,"edges.csv, heronetwork.csv, nodes.csv","edges.csv, heronetwork.csv, nodes.csv"
"CARTER, SHARON","CARTER, SHARON II",82.4,"edges.csv, heronetwork.csv, nodes.csv","edges.csv, heronetwork.csv, nodes.csv"
COLLECTIVE MAN,COLLECTIVE MAN II,82.4,"edges.csv, heronetwork.csv, nodes.csv","edges.csv, heronetwork.csv, nodes.csv"
"MCKENZIE, LEON","MCKENZIE, LEONARD",82.4,"edges.csv, heronetwork.csv, nodes.csv","edges.csv, heronetwork.csv, nodes.csv"
MADAME MASQUE V,MADAME MASQUE II/,82.4,"edges.csv, heronetwork.csv, nodes.csv","edges.csv, heronetwork.csv, nodes.csv"
MADAME MASQUE V,MADAME MASQUE III,82.4,"edges.csv, heronetwork.csv, nodes.csv","edges.csv, heronetwork.csv, nodes.csv"
HELA [ASGARDIAN],HILDY [ASGARDIAN],82.4,"edges.csv, heronetwork.csv, nodes.csv","edges.csv, heronetwork.csv, nodes.csv"
KALIN KARTH KITH,KINLAN KARTH KITH,82.4,"edges.csv, heronetwork.csv, nodes.csv","edges.csv, heronetwork.csv, nodes.csv"
ODIN [ASGARDIAN],HODER [ASGARDIAN],82.4,"edges.csv, heronetwork.csv, nodes.csv","edges.csv, heronetwork.csv, nodes.csv"
ODIN [ASGARDIAN],HOGUN [ASGARDIAN],82.4,"edges.csv, heronetwork.csv, nodes.csv","edges.csv, heronetwork.csv, nodes.csv"
"ROBERTSON, RANDY","ROBERTSON, AMANDA",82.4,"edges.csv, heronetwork.csv, nodes.csv","edges.csv, heronetwork.csv, nodes.csv"
HODER [ASGARDIAN],HOGUN [ASGARDIAN],82.4,"edges.csv, heronetwork.csv, nodes.csv","edges.csv, heronetwork.csv, nodes.csv"
LEVIATHAN,LEVIATHAN V,81.8,"edges.csv, heronetwork.csv, nodes.csv","edges.csv, heronetwork.csv, nodes.csv"
RAMROD II,RAMROD III/,81.8,"edges.csv, heronetwork.csv, nodes.csv","edges.csv, heronetwork.csv, nodes.csv"
RAZORWIRE,RAZOR WIRE/,81.8,"edges.csv, heronetwork.csv, nodes.csv","edges.csv, heronetwork.csv, nodes.csv"
FIREFLY II,FIREFALL II,81.8,"edges.csv, heronetwork.csv, nodes.csv","edges.csv, heronetwork.csv, nodes.csv"
SLASHER II,SMASHER III,81.8,"edges.csv, heronetwork.csv, nodes.csv","edges.csv, heronetwork.csv, nodes.csv"
SMASHER IV,SMASHER III,81.8,"edges.csv, heronetwork.csv, nodes.csv","edges.csv, heronetwork.csv, nodes.csv"
STINGER IV,STINGER II/,81.8,"edges.csv, heronetwork.csv, nodes.csv","edges.csv, heronetwork.csv, nodes.csv"
"CHAN, SARAH","SHAW, SARAH",81.8,"edges.csv, heronetwork.csv, nodes.csv","edges.csv, heronetwork.csv, nodes.csv"
ATOM SMASHER/,ATOM SMASHER II/,81.2,"edges.csv, heronetwork.csv, nodes.csv","edges.csv, heronetwork.csv, nodes.csv"
"WING, PROFESSOR","WHITE, PROFESSOR",81.2,"edges.csv, heronetwork.csv, nodes.csv","edges.csv, heronetwork.csv, nodes.csv"
CYRA [ASGARDIAN],HELA [ASGARDIAN],81.2,"edges.csv, heronetwork.csv, nodes.csv","edges.csv, heronetwork.csv, nodes.csv"
KOFI [KYMELLIAN],ZOOG [KYMELLIAN],81.2,"edges.csv, heronetwork.csv, nodes.csv","edges.csv, heronetwork.csv, nodes.csv"
LOKI [ASGARDIAN],ODIN [ASGARDIAN],81.2,"edges.csv, heronetwork.csv, nodes.csv","edges.csv, heronetwork.csv, nodes.csv"
"MARTINEZ, AKASHA","MARTINEZ, ALITHA",81.2,"edges.csv, heronetwork.csv, nodes.csv","edges.csv, heronetwork.csv, nodes.csv"
"THOMAS, DR. JOHN","THOMAS, DR. STAN",81.2,"edges.csv, heronetwork.csv, nodes.csv","edges.csv, heronetwork.csv, nodes.csv"
ARIA,ADRIA,80.0,"edges.csv, heronetwork.csv, nodes.csv","edges.csv, heronetwork.csv, nodes.csv"
ARIA,DARIA,80.0,"edges.csv, heronetwork.csv, nodes.csv","edges.csv, heronetwork.csv, nodes.csv"
ARKO,ARKON,80.0,"edges.csv, heronetwork.csv, nodes.csv","edges.csv, heronetwork.csv, nodes.csv"
CHAR,CHARM,80.0,"edges.csv, heronetwork.csv, nodes.csv","edges.csv, heronetwork.csv, nodes.csv"
EDDA,NEDDA,80.0,"edges.csv, heronetwork.csv, nodes.csv","edges.csv, heronetwork.csv, nodes.csv"
FATH,FAITH,80.0,"edges.csv, heronetwork.csv, nodes.csv","edges.csv, heronetwork.csv, nodes.csv"
GROK,GRONK,80.0,"edges.csv, heronetwork.csv, nodes.csv","edges.csv, heronetwork.csv, nodes.csv"
GRON,GRONK,80.0,"edges.csv, heronetwork.csv, nodes.csv","edges.csv, heronetwork.csv, nodes.csv"
LINK,LINAK,80.0,"edges.csv, heronetwork.csv, nodes.csv","edges.csv, heronetwork.csv, nodes.csv"
NAGA,NZAGA,80.0,"edges.csv, heronetwork.csv, nodes.csv","edges.csv, heronetwork.csv, nodes.csv"
RAGA,RAGAR,80.0,"edges.csv, heronetwork.csv, nodes.csv","edges.csv, heronetwork.csv, nodes.csv"
TALO,TALOS,80.0,"edges.csv, heronetwork.csv, nodes.csv","edges.csv, heronetwork.csv, nodes.csv"
TORG,TORGO,80.0,"edges.csv, heronetwork.csv, nodes.csv","edges.csv, heronetwork.csv, nodes.csv"
WONG,WRONG,80.0,"edges.csv, heronetwork.csv, nodes.csv","edges.csv, heronetwork.csv, nodes.csv"
XEMU,XEMNU,80.0,"edges.csv, heronetwork.csv, nodes.csv","edges.csv, heronetwork.csv, nodes.csv"
ZIRA,ZIRAN,80.0,"edges.csv, heronetwork.csv, nodes.csv","edges.csv, heronetwork.csv, nodes.csv"
AVIOS,AVIUS,80.0,"edges.csv, heronetwork.csv, nodes.csv","edges.csv, heronetwork.csv, nodes.csv"
CABER,CYBER,80.0,"edges.csv, heronetwork.csv, nodes.csv","edges.csv, heronetwork.csv, nodes.csv"
CANDY,SANDY,80.0,"edges.csv, heronetwork.csv, nodes.csv","edges.csv, heronetwork.csv, nodes.csv"
CYLLA,LYLLA,80.0,"edges.csv, heronetwork.csv, nodes.csv","edges.csv, heronetwork.csv, nodes.csv"
DANIA,DARIA,80.0,"edges.csv, heronetwork.csv, nodes.csv","edges.csv, heronetwork.csv, nodes.csv"
DARIA,DARLA,80.0,"edges.csv, heronetwork.csv, nodes.csv","edges.csv, heronetwork.csv, nodes.csv"
JAKAL,JAKAR,80.0,"edges.csv, heronetwork.csv, nodes.csv","edges.csv, heronetwork.csv, nodes.csv"
JAKAR,TAKAR,80.0,"edges.csv, heronetwork.csv, nodes.csv","edges.csv, heronetwork.csv, nodes.csv"
JOUST,ROUST,80.0,"edges.csv, heronetwork.csv, nodes.csv","edges.csv, heronetwork.csv, nodes.csv"
JOVAN,JUVAN,80.0,"edges.csv, heronetwork.csv, nodes.csv","edges.csv, heronetwork.csv, nodes.csv"
KIRIN,K'RIN,80.0,"edges.csv, heronetwork.csv, nodes.csv","edges.csv, heronetwork.csv, nodes.csv"
LIGHT,NIGHT,80.0,"edges.csv, heronetwork.csv, nodes.csv","edges.csv, heronetwork.csv, nodes.csv"
LIGHT,RIGHT,80.0,"edges.csv, heronetwork.csv, nodes.csv","edges.csv, heronetwork.csv, nodes.csv"
NAKKA,ZAKKA,80.0,"edges.csv, heronetwork.csv, nodes.csv","edges.csv, heronetwork.csv, nodes.csv"
NIGHT,RIGHT,80.0,"edges.csv, heronetwork.csv, nodes.csv","edges.csv, heronetwork.csv, nodes.csv"
RAGAR,TAGAR,80.0,"edges.csv, heronetwork.csv, nodes.csv","edges.csv, heronetwork.csv, nodes.csv"
RAMAN,RAMON,80.0,"edges.csv, heronetwork.csv, nodes.csv","edges.csv, heronetwork.csv, nodes.csv"
SHOT/,SPOT/,80.0,"edges.csv, heronetwork.csv, nodes.csv","edges.csv, heronetwork.csv, nodes.csv"
SLADE,SLIDE,80.0,"edges.csv, heronetwork.csv, nodes.csv","edges.csv, heronetwork.csv, nodes.csv"
SLADE,SLYDE,80.0,"edges.csv, heronetwork.csv, nodes.csv","edges.csv, heronetwork.csv, nodes.csv"
SLADE,BLADE,80.0,"edges.csv, heronetwork.csv, nodes.csv",heronetwork.csv
SLICK,STICK,80.0,"edges.csv, heronetwork.csv, nodes.csv","edges.csv, heronetwork.csv, nodes.csv"
SLIDE,SLYDE,80.0,"edges.csv, heronetwork.csv, nodes.csv","edges.csv, heronetwork.csv, nodes.csv"
SNAKE,SNARE,80.0,"edges.csv, heronetwork.csv, nodes.csv","edges.csv, heronetwork.csv, nodes.csv"
SURGE,YURGE,80.0,"edges.csv, heronetwork.csv, nodes.csv","edges.csv, heronetwork.csv, nodes.csv"
TAGAK,TAGAR,80.0,"edges.csv, heronetwork.csv, nodes.csv","edges.csv, heronetwork.csv, nodes.csv"
TAGAR,TAKAR,80.0,"edges.csv, heronetwork.csv, nodes.csv","edges.csv, heronetwork.csv, nodes.csv"
THENA,THERA,80.0,"edges.csv, heronetwork.csv, nodes.csv","edges.csv, heronetwork.csv, nodes.csv"
WENDY,WINDY,80.0,"edges.csv, heronetwork.csv, nodes.csv","edges.csv, heronetwork.csv, nodes.csv"
DEADHEAD,DEAD HEAD/,80.0,"edges.csv, heronetwork.csv, nodes.csv","edges.csv, heronetwork.csv, nodes.csv"
MINOTAUR,MINOTAURUS,80.0,"edges.csv, heronetwork.csv, nodes.csv","edges.csv, heronetwork.csv, nodes.csv"
DOMINO II,DOMINUS II,80.0,"edges.csv, heronetwork.csv, nodes.csv","edges.csv, heronetwork.csv, nodes.csv"
LIBRA IV/,LIBRA III/,80.0,"edges.csv, heronetwork.csv, nodes.csv","edges.csv, heronetwork.csv, nodes.csv"
"LO, JIMMY","WOO, JIMMY",80.0,"edges.csv, heronetwork.csv, nodes.csv","edges.csv, heronetwork.csv, nodes.csv"
MALICE IV,MALICE III,80.0,"edges.csv, heronetwork.csv, nodes.csv","edges.csv, heronetwork.csv, nodes.csv"
"MARX, DR.","MARIN, DR.",80.0,"edges.csv, heronetwork.csv, nodes.csv","edges.csv, heronetwork.csv, nodes.csv"
SMASHER V,SMASHER II,80.0,"edges.csv, heronetwork.csv, nodes.csv","edges.csv, heronetwork.csv, nodes.csv"
"TORK, LT.","TORK, SGT.",80.0,"edges.csv, heronetwork.csv, nodes.csv","edges.csv, heronetwork.csv, nodes.csv"
WITCHFIRE,WATCHFIRE/,80.0,"edges.csv, heronetwork.csv, nodes.csv","edges.csv, heronetwork.csv, nodes.csv"
"WU, SONIA","WOO, SONIA",80.0,"edges.csv, heronetwork.csv, nodes.csv","edges.csv, heronetwork.csv, nodes.csv"
"CIRE, EYLA","CIRE, EZRA",80.0,"edges.csv, heronetwork.csv, nodes.csv","edges.csv, heronetwork.csv, nodes.csv"
HAMMERHAND,HAMMERHEAD,80.0,"edges.csv, heronetwork.csv, nodes.csv","edges.csv, heronetwork.csv, nodes.csv"
MAJOR DOMO,MINOR DOMO,80.0,"edges.csv, heronetwork.csv, nodes.csv","edges.csv, heronetwork.csv, nodes.csv"
MINDSTORM/,SANDSTORM/,80.0,"edges.csv, heronetwork.csv, nodes.csv","edges.csv, heronetwork.csv, nodes.csv"
SANDSTORM/,WINDSTORM/,80.0,"edges.csv, heronetwork.csv, nodes.csv","edges.csv, heronetwork.csv, nodes.csv"
SLASHER II,SMASHER IV,80.0,"edges.csv, heronetwork.csv, nodes.csv","edges.csv, heronetwork.csv, nodes.csv"
"YOUNG, MAX","YOUNG, MR.",80.0,"edges.csv, heronetwork.csv, nodes.csv","edges.csv, heronetwork.csv, nodes.csv"
DOOMSDAY MAN,DOOMSDAY MAN II,80.0,"edges.csv, heronetwork.csv, nodes.csv","edges.csv, heronetwork.csv, nodes.csv"
"GRANT, SILAS","GRANT, SILAS II",80.0,"edges.csv, heronetwork.csv, nodes.csv","edges.csv, heronetwork.csv, nodes.csv"
IRON MAIDEN/,IRON MAIDEN II/,80.0,"edges.csv, heronetwork.csv, nodes.csv","edges.csv, heronetwork.csv, nodes.csv"
"LOPEZ, MARIA","LOPEZ, MARIA II",80.0,"edges.csv, heronetwork.csv, nodes.csv","edges.csv, heronetwork.csv, nodes.csv"
NAMELESS ONE,NAMELESS ONE II,80.0,"edges.csv, heronetwork.csv, nodes.csv","edges.csv, heronetwork.csv, nodes.csv"
WHITE DRAGON,WHITE DRAGON II,80.0,"edges.csv, heronetwork.csv, nodes.csv","edges.csv, heronetwork.csv, nodes.csv"
"MEACHUM, WARD","MEACHUM, HAROLD",80.0,"edges.csv, heronetwork.csv, nodes.csv","edges.csv, heronetwork.csv, nodes.csv"
"KALE, JENNIFER","NYLES, JENNIFER",80.0,"edges.csv, heronetwork.csv, nodes.csv","edges.csv, heronetwork.csv, nodes.csv"
"MALONE, JULIUS","CARBONE, JULIUS",80.0,"edges.csv, heronetwork.csv, nodes.csv","edges.csv, heronetwork.csv, nodes.csv"
MASTERMIND III,MASTER MOLD III,80.0,"edges.csv, heronetwork.csv, nodes.csv","edges.csv, heronetwork.csv, nodes.csv"
PRINCESS ZANDA,PRINCESS ZAFINA,80.0,"edges.csv, heronetwork.csv, nodes.csv","edges.csv, heronetwork.csv, nodes.csv"
"TOLLIVER, EMMA","TOLLIVER, MELBA",80.0,"edges.csv, heronetwork.csv, nodes.csv","edges.csv, heronetwork.csv, nodes.csv"
MOTHER INFERIOR,MOTHER SUPERIOR,80.0,"edges.csv, heronetwork.csv, nodes.csv","edges.csv, heronetwork.csv, nodes.csv"
"CUSSLER, PHILLIP","CUSSLER, PHILLIP JR.",80.0,"edges.csv, heronetwork.csv, nodes.csv","edges.csv, heronetwork.csv, nodes.csv"
MR. SINISTER | AOA,MR. SINISTER | MUTAN,80.0,"edges.csv, heronetwork.csv, nodes.csv","edges.csv, heronetwork.csv, nodes.csv"
BLACK KNIGHT II/SIR,BLACK KNIGHT III/EOB,80.0,"edges.csv, nodes.csv","edges.csv, heronetwork.csv, nodes.csv"
BLACK KNIGHT V/DANE,BLACK KNIGHT V DOPPE,80.0,"edges.csv, nodes.csv","edges.csv, heronetwork.csv, nodes.csv"
DR. SPECTRUM II/DR.,DR. SPECTRUM III/REV,80.0,"edges.csv, nodes.csv","edges.csv, heronetwork.csv, nodes.csv"
ICEMAN DOPPELGANGER,SANDMAN DOPPELGANGER,80.0,"edges.csv, heronetwork.csv, nodes.csv","edges.csv, heronetwork.csv, nodes.csv"
"WORTHINGTON, WARREN","WORTHINGTON, KATHRYN",80.0,"edges.csv, nodes.csv","edges.csv, heronetwork.csv, nodes.csv"
BINARY | MUTANT X-VE,IKARIS | MUTANT X-VE,80.0,"edges.csv, heronetwork.csv, nodes.csv","edges.csv, heronetwork.csv, nodes.csv"
"BOWEN, FATHER MICHAE","JANES, FATHER MICHAE",80.0,"edges.csv, heronetwork.csv, nodes.csv","edges.csv, heronetwork.csv, nodes.csv"
BRUTE | MUTANT X-VER,FORGE | MUTANT X-VER,80.0,"edges.csv, heronetwork.csv, nodes.csv","edges.csv, heronetwork.csv, nodes.csv"
BRUTE | MUTANT X-VER,RAVEN | MUTANT X-VER,80.0,"edges.csv, heronetwork.csv, nodes.csv","edges.csv, heronetwork.csv, nodes.csv"
BRUTE | MUTANT X-VER,ROGUE | MUTANT X-VER,80.0,"edges.csv, heronetwork.csv, nodes.csv","edges.csv, heronetwork.csv, nodes.csv"
CAPTAIN AMERICA DOPP,CAPTAIN AMERICA IV/S,80.0,"edges.csv, heronetwork.csv, nodes.csv","edges.csv, heronetwork.csv, nodes.csv"
CAPTAIN AMERICA DOPP,CAPTAIN AMERICA | MU,80.0,"edges.csv, heronetwork.csv, nodes.csv","edges.csv, heronetwork.csv, nodes.csv"
CAPTAIN AMERICA DOPP,CAPTAIN AMERICA V/RO,80.0,"edges.csv, heronetwork.csv, nodes.csv","edges.csv, heronetwork.csv, nodes.csv"
CAPTAIN AMERICA IV/S,CAPTAIN AMERICA | MU,80.0,"edges.csv, heronetwork.csv, nodes.csv","edges.csv, heronetwork.csv, nodes.csv"
CAPTAIN AMERICA | MU,CAPTAIN AMERICA V/RO,80.0,"edges.csv, heronetwork.csv, nodes.csv","edges.csv, heronetwork.csv, nodes.csv"
CRIMSON DYNAMO II/BO,CRIMSON DYNAMO VIII/,80.0,"edges.csv, heronetwork.csv, nodes.csv","edges.csv, heronetwork.csv, nodes.csv"
CRIMSON DYNAMO III/A,CRIMSON DYNAMO IV/YU,80.0,"edges.csv, heronetwork.csv, nodes.csv","edges.csv, heronetwork.csv, nodes.csv"
CRIMSON DYNAMO IV/YU,CRIMSON DYNAMO V/DIM,80.0,"edges.csv, heronetwork.csv, nodes.csv","edges.csv, heronetwork.csv, nodes.csv"
CRIMSON DYNAMO IV/YU,CRIMSON DYNAMO VI/VA,80.0,"edges.csv, heronetwork.csv, nodes.csv","edges.csv, heronetwork.csv, nodes.csv"
CRIMSON DYNAMO V/DIM,CRIMSON DYNAMO VI/VA,80.0,"edges.csv, heronetwork.csv, nodes.csv","edges.csv, heronetwork.csv, nodes.csv"
DRAX | MUTANT X-VERS,HULK | MUTANT X-VERS,80.0,"edges.csv, heronetwork.csv, nodes.csv","edges.csv, heronetwork.csv, nodes.csv"
DRAX | MUTANT X-VERS,NOVA | MUTANT X-VERS,80.0,"edges.csv, heronetwork.csv, nodes.csv","edges.csv, heronetwork.csv, nodes.csv"
DRAX | MUTANT X-VERS,PUCK | MUTANT X-VERS,80.0,"edges.csv, heronetwork.csv, nodes.csv","edges.csv, heronetwork.csv, nodes.csv"
DRAX | MUTANT X-VERS,THOR | MUTANT X-VERS,80.0,"edges.csv, heronetwork.csv, nodes.csv","edges.csv, heronetwork.csv, nodes.csv"
DRAX | MUTANT X-VERS,UATU | MUTANT X-VERS,80.0,"edges.csv, heronetwork.csv, nodes.csv","edges.csv, heronetwork.csv, nodes.csv"
DR. SPECTRUM III/REV,DR. SPECTRUM II/DR. ,80.0,"edges.csv, heronetwork.csv, nodes.csv",heronetwork.csv
FALLEN | MUTANT X-VE,FAMINE | MUTANT X-VE,80.0,"edges.csv, heronetwork.csv, nodes.csv","edges.csv, heronetwork.csv, nodes.csv"
FALLEN | MUTANT X-VE,RAVEN | MUTANT X-VER,80.0,"edges.csv, heronetwork.csv, nodes.csv","edges.csv, heronetwork.csv, nodes.csv"
FALLEN | MUTANT X-VE,SELENE | MUTANT X-VE,80.0,"edges.csv, heronetwork.csv, nodes.csv","edges.csv, heronetwork.csv, nodes.csv"
FAMINE | MUTANT X-VE,GAMBIT | MUTANT X-VE,80.0,"edges.csv, heronetwork.csv, nodes.csv","edges.csv, heronetwork.csv, nodes.csv"
FAMINE | MUTANT X-VE,SELENE | MUTANT X-VE,80.0,"edges.csv, heronetwork.csv, nodes.csv","edges.csv, heronetwork.csv, nodes.csv"
FAMINE | MUTANT X-VE,SHAMAN | MUTANT X-VE,80.0,"edges.csv, heronetwork.csv, nodes.csv","edges.csv, heronetwork.csv, nodes.csv"
FORGE | MUTANT X-VER,GORGON | MUTANT X-VE,80.0,"edges.csv, heronetwork.csv, nodes.csv","edges.csv, heronetwork.csv, nodes.csv"
FORGE | MUTANT X-VER,HOGUN | MUTANT X-VER,80.0,"edges.csv, heronetwork.csv, nodes.csv","edges.csv, heronetwork.csv, nodes.csv"
FORGE | MUTANT X-VER,SERSI | MUTANT X-VER,80.0,"edges.csv, heronetwork.csv, nodes.csv","edges.csv, heronetwork.csv, nodes.csv"
GORGON | MUTANT X-VE,HOGUN | MUTANT X-VER,80.0,"edges.csv, heronetwork.csv, nodes.csv","edges.csv, heronetwork.csv, nodes.csv"
GORGON | MUTANT X-VE,TRITON | MUTANT X-VE,80.0,"edges.csv, heronetwork.csv, nodes.csv","edges.csv, heronetwork.csv, nodes.csv"
GUARDIAN/JAMES MACDO,GUARDIAN V/JAMES MAC,80.0,"edges.csv, heronetwork.csv, nodes.csv","edges.csv, heronetwork.csv, nodes.csv"
HAVOK | MUTANT X-VER,HOGUN | MUTANT X-VER,80.0,"edges.csv, heronetwork.csv, nodes.csv","edges.csv, heronetwork.csv, nodes.csv"
HAVOK | MUTANT X-VER,HULK | MUTANT X-VERS,80.0,"edges.csv, heronetwork.csv, nodes.csv","edges.csv, heronetwork.csv, nodes.csv"
"HOGAN, VIRGINIA PEPP","POTTS, VIRGINIA PEPP",80.0,"edges.csv, heronetwork.csv, nodes.csv","edges.csv, heronetwork.csv, nodes.csv"
HOGUN | MUTANT X-VER,RAVEN | MUTANT X-VER,80.0,"edges.csv, heronetwork.csv, nodes.csv","edges.csv, heronetwork.csv, nodes.csv"
HOGUN | MUTANT X-VER,X-MAN | MUTANT X-VER,80.0,"edges.csv, heronetwork.csv, nodes.csv","edges.csv, heronetwork.csv, nodes.csv"
HULK DOPPELGANGER II,NOVA DOPPELGANGER II,80.0,"edges.csv, heronetwork.csv, nodes.csv","edges.csv, heronetwork.csv, nodes.csv"
HULK | MUTANT X-VERS,NOVA | MUTANT X-VERS,80.0,"edges.csv, heronetwork.csv, nodes.csv","edges.csv, heronetwork.csv, nodes.csv"
HULK | MUTANT X-VERS,THOR | MUTANT X-VERS,80.0,"edges.csv, heronetwork.csv, nodes.csv","edges.csv, heronetwork.csv, nodes.csv"
HULK | MUTANT X-VERS,UATU | MUTANT X-VERS,80.0,"edges.csv, heronetwork.csv, nodes.csv","edges.csv, heronetwork.csv, nodes.csv"
IKARIS | MUTANT X-VE,KARNAK | MUTANT X-VE,80.0,"edges.csv, heronetwork.csv, nodes.csv","edges.csv, heronetwork.csv, nodes.csv"
IKARIS | MUTANT X-VE,POLARIS | MUTANT X-V,80.0,"edges.csv, heronetwork.csv, nodes.csv","edges.csv, heronetwork.csv, nodes.csv"
NOVA DOPPELGANGER II,PUCK DOPPELGANGER II,80.0,"edges.csv, heronetwork.csv, nodes.csv","edges.csv, heronetwork.csv, nodes.csv"
NOVA II | MUTANT X-V,POLARIS | MUTANT X-V,80.0,"edges.csv, heronetwork.csv, nodes.csv","edges.csv, heronetwork.csv, nodes.csv"
NOVA | MUTANT X-VERS,PUCK | MUTANT X-VERS,80.0,"edges.csv, heronetwork.csv, nodes.csv","edges.csv, heronetwork.csv, nodes.csv"
NOVA | MUTANT X-VERS,THOR | MUTANT X-VERS,80.0,"edges.csv, heronetwork.csv, nodes.csv","edges.csv, heronetwork.csv, nodes.csv"
NOVA | MUTANT X-VERS,UATU | MUTANT X-VERS,80.0,"edges.csv, heronetwork.csv, nodes.csv","edges.csv, heronetwork.csv, nodes.csv"
PUCK | MUTANT X-VERS,THOR | MUTANT X-VERS,80.0,"edges.csv, heronetwork.csv, nodes.csv","edges.csv, heronetwork.csv, nodes.csv"
PUCK | MUTANT X-VERS,UATU | MUTANT X-VERS,80.0,"edges.csv, heronetwork.csv, nodes.csv","edges.csv, heronetwork.csv, nodes.csv"
RAVEN | MUTANT X-VER,ROGUE | MUTANT X-VER,80.0,"edges.csv, heronetwork.csv, nodes.csv","edges.csv, heronetwork.csv, nodes.csv"
RAVEN | MUTANT X-VER,X-MAN | MUTANT X-VER,80.0,"edges.csv, heronetwork.csv, nodes.csv","edges.csv, heronetwork.csv, nodes.csv"
SHAMAN | MUTANT X-VE,X-MAN | MUTANT X-VER,80.0,"edges.csv, heronetwork.csv, nodes.csv","edges.csv, heronetwork.csv, nodes.csv"
THOR | MUTANT X-VERS,UATU | MUTANT X-VERS,80.0,"edges.csv, heronetwork.csv, nodes.csv","edges.csv, heronetwork.csv, nodes.csv"
WOLFSBANE DOPPELGANG,WOLVERINE DOPPELGANG,80.0,"edges.csv, heronetwork.csv, nodes.csv","edges.csv, heronetwork.csv, nodes.csv"
VISION DOPPELGANGER ,TRITON DOPPELGANGER ,80.0,heronetwork.csv,heronetwork.csv
